{
  "format_version": "1.8.0",
  "animations": {
    "animation.bison.baby_transform": {
      "loop": true,
      "bones": {
        "head": {
          "position": [
            -1,
            5,
            -3
          ],
          "scale": 1.6
        }
      }
    },
    "animation.bison.walk": {
      "loop": true,
      "animation_length": 15,
      "anim_time_update": "query.modified_distance_moved",
      "blend_weight": "query.modified_move_speed",
      "bones": {
        "leg1": {
          "rotation": {
            "0.0": [
              -49.21082,
              -6.55117,
              0.41934
            ],
            "7.5": [
              42.52036,
              -3.21302,
              -1.28671
            ],
            "15.0": [
              -49.9864,
              0.13478,
              0.48598
            ]
          },
          "position": {
            "0.0": [
              0,
              0,
              0
            ],
            "7.5": [
              0,
              0,
              0
            ],
            "15.0": [
              0,
              0,
              0
            ]
          }
        },
        "leg0": {
          "rotation": {
            "0.0": [
              47.44524,
              1.02779,
              -0.73073
            ],
            "7.5": [
              -45.91346,
              4.50482,
              -4.44919
            ],
            "15.0": [
              49.98222,
              0.64374,
              -2.50168
            ]
          },
          "position": {
            "0.0": [
              0,
              0,
              0
            ],
            "7.5": [
              0,
              1,
              0
            ],
            "15.0": [
              0,
              0,
              0
            ]
          }
        },
        "body": {
          "rotation": {
            "0.0": [
              -2.4945,
              0.12738,
              -0.10882
            ],
            "7.5": [
              2.49641,
              -0.17001,
              -0.15964
            ],
            "15.0": [
              -2.4945,
              0.12738,
              -0.10882
            ]
          },
          "position": [
            0,
            0,
            0
          ]
        },
        "leg3": {
          "rotation": {
            "0.0": [
              51.54022,
              3.76163,
              -5.08504
            ],
            "7.5": [
              -40.99428,
              5.42221,
              1.36016
            ],
            "15.0": [
              51.9361,
              3.65089,
              -4.17678
            ]
          },
          "position": {
            "0.0": [
              0,
              0,
              0
            ],
            "7.5": [
              0,
              1,
              0
            ],
            "15.0": [
              0,
              0,
              0
            ]
          }
        },
        "leg2": {
          "rotation": {
            "0.0": [
              -46.82855,
              4.78875,
              -5.65598
            ],
            "7.5": [
              51.58934,
              -10.23226,
              -0.38815
            ],
            "15.0": [
              -46.63414,
              4.37967,
              -6.93244
            ]
          },
          "position": {
            "0.0": [
              0,
              0,
              0
            ],
            "7.5": [
              0,
              0,
              0
            ],
            "15.0": [
              0,
              0,
              0
            ]
          }
        },
        "centerpoint": {
          "position": {
            "0.0": [
              0,
              0,
              0
            ],
            "15.0": [
              0,
              0,
              -1
            ]
          }
        }
      }
    },
    "animation.bison.attack": {
      "loop": false,
      "animation_length": 0.58333,
      "bones": {
        "head": {
          "rotation": {
            "0.0": [
              -0.00424,
              1.52435,
              -0.3927
            ],
            "0.25": [
              35.67715,
              -1.99869,
              0.8773
            ],
            "0.4167": [
              -26.65963,
              1.52984,
              -0.26102
            ],
            "0.5833": [
              -1.69018,
              2.9047,
              -0.72953
            ]
          },
          "position": {
            "0.0": [
              0,
              0,
              0
            ],
            "0.25": [
              0,
              -16,
              0
            ],
            "0.4167": [
              0,
              -1,
              0
            ]
          }
        }
      }
    }
  }
}
